metin,etiket
"20:20 Pil Sağlığı Pil Sağlığı Normal Bu iPhone pili beklendiği gibi çalışıyor. Pil ve Garanti Hakkında... Maksimum Kapasite %100 Bu, yeni pile kıyasla mevcut pil kapasitesinin ölçüsüdür. Düşük kapasite; şarjdan sonra kullanım süresinin azalmasına neden olabilir. Devir Sayısı 207 Bu; iPhone'un pilinizin kar 'sitesini kullanma sayısıdır. Daha fazlası - Tarihi Kasım 2025 İlk Kullanım Ocak 2026 Üretim",0
"Yeşili birlikte Utut Can Kurt Orhun Dojuso) Caj  M 251 60750 Kadiduesnne 545566934, BlgsaYa 01{65 aon @-Arglv Faturo mfvi Io 21350616250 n S4n 1 bou 9E Mn20 OaellesUrme nos TR: We9e Senaco Trsneaiua Fatur noi S4t Fatura No [pz026cococo11 ee Da Fatra Torlt: 07 002076 o 17611150406 Faturd Saatli Laeiu Er 787c01]a +721/-1Fc-AODO-FEFCaucIoel: Halhiang onen onto KoV Tuun DiderVeicilei Tulan Berim Flyat Oran utar Un Cog 9.583,9] TL 4704667 77916 54t2855 1a5 Adef Mal Hiznet Toplam Iulen 4916,61 Ioclam [skonLo KDvIYa20 nCpa 33 Heseplanan Veroiler Dahulropla Oderecck 361ca75oor01) 153810129130766 aEE  Feani Gekjonak ortamo? Leulodyuf, Itr Baxaa Hesap DIlgluR: ~ Sub{ {bak OoO1 5O01 Sro 7CC 6213 1 Dr0e 2501 c16 DDoic 2985 44 000n 8aag 71 ME931 000} ZoOxo OCe] 0Hf0 % 'yasatalım Hiir e 15 as62n 1",0
"ük 98 as1 glığı Normal %100 azalmasına süresinin kullanım sonra şarjdan kapasite, fazlası 2025 Temmuz 2025 Eylül",0
"'%72 Pil Sağlığı 9 Normal Pil Sağlığı URSESSG 'beklendiği gibi çalışıyor . Pil ve Garanti Hakiunda _ Bu iPad pili Açık %/90 Maksimum Kapasite Düş~k pil neden olabilir. Bu, pile lsonrevkullanım süresinin kapasite, 153 Sayısı Daha fazlasi _ Bu, Sınır fazlası. ce ve Üretim ilk fe ölçüsüdür. kapasitesinin mevcut azalmasına kıyasla yeni , şarjdan Devir ' sayısıdır: kullanma kapasitesini _ pilinizin iPadin %80  Daha edilir. 'şarj %80 yaklaşık yalnızca  iPad'iniz 2024 Siri Temmuz Tarihi 2024 Eylül = Kullanım Hareketler kezi rlaklık",0
"%86 Hakkında MG IPAD AIR 7 26.4.2 iPad Air 11-inch 16.09. Sona Erme 14 27 GB GB (M3) MC9WAABIA LWGGOX4JX3 .2026 Tarihi: 128 86,81",0
"21:01 i 5G 30 Pil Sağlığı Pil Sağlığı Normal Bu iPhone pili beklendiği gibi çalışıyor. Pil ve Garanti Hakkında. Maksimum Kapasite %100 pile kıyasla mevcut pil kapasitesinin ölçüsüdür . Düşük kapasite; şarjdan sonra kullanım süresinin azalmasına neden olabilir. Devir Sayısı 47 iPhone'un pilinizin kapasitesini kullanma sayısıdır. Daha fazlası. Üretim Tarihi Nisan 2026 İlk Kullanım Ağustos 2026 Bu, yeni Bu,",0
68 20:27 Hakkında Ad iPhone iOS Sürümü 26.6.1 Model Adı iPhone 16 Pro Max Model Numarası Seri Numarası 5 Kapsam Süresi Doldu Parçalar Videolar 31 Fotoğraflar 210 Uygulamalar 30 Kapasite 256 GB Kullanılabilir 198.28 GB Wi-Fi Adresi 04.41:A5:C2.34.54,0
Letanbu Fw 15*58 12 cmo cmo 28 12 ECmt Fsaygooau7u oruuoca Buoun Etlthn Vok Couson oo ootlon control,0
8494 71:46 48/400 KCAL 0/30 DK . 2/1254. A,0
Yesil birlkt0 ycxalalım Oetn mavi Zaoai not akiap Mliukr,0
20:19 1 2 3 A B C DE F A 5 6 Ghi JKL M N 0 8 9 P Q R S Tuv WX Yz # Favoriler Son Aramalar Kişiler Takımı Sesli Mesaj Joas Sova Tus,0
"TEST RESET dyson USe TEST ben linog algne bore { ""BEFORE E FowkM dyson ( com/support",0
"21/jun 0u3p89 50/i0njje +1N ""uedde1) Eo9a  LEZ Al0ioa [1010 slaldva J9y7Tvew0 [o-Eheefi on JbpJo-04 SINJ/iJ0 51n343B I 2) YEl8ZAXn-n3-MnL vosfp Fo'd !{kici * Arn",0
uosfp 23 Jaquy Ui Jueiudions onsnyvoua Vonipe [opads '0a4 aluaJxa ON 'suIDId/04 ON 'Jio 4iim 'Buiuaiybious KupolJum 21J9SJ10 U6if?,0
"Need expert help? Confacruyson: 'Necesita ayuda de un experto? Contacto Dyson: EU MX 533-1098 8008720154 'dyson com /mynewairwrap WW 'dyson com /mynewairwrap preguntas@dyson.com 30.09.21 4 9 6 1-855-5 WW, 15046 ' PN.311059-31-02",0
"BNBC EU/MYIG HTOI dyson PN 524965-17-02 JN 125544 22.11.2 SERJAL NO U6C-EU-TCH6577A Re-order No. 408210-01 cyacrY Oudq4 Y7es ( (5cer28094eoe 2 4 80h1z Small datoils moy vary slighlly from Ihosc shown NekoyDKachrhcuo; [wr 1 Joexoeri @' CoGAenn Imogery moy differ From in Iho box Muciraocawaxr xallcanonte o (eU wocayeh Quontify: ceco Dyson Airstroit"" s*uightener; {c08vasa Joa Heat-resisiant mat. Gross waight 5Il62515510706661 1.82 kg parh",0
8 airstroit dyson dyson ; 1 7,0
Eeo Coffee Ccpukdno aco Cotfee Ao Diirb 88 Gan Lattego PhiLIPS Detaylı Bilgi İçin 3 Ve 6 cheyin Video Fatura olabilmemiz Yardımcı Fiyatta 3144 989 0552,1
Fiyatta Ve için 31 44 Fatura Video Detaylı Bilgi Yardımcı olabilmemiz @0552 989 iPad,1
"VE BİLGİ , DETAYLI İNDİRİM İÇİN FATURA YAZABİLİRSİNİz 67419 029 @0531 çalısıyorum yazın 'tan WhatsAPP' Lütfen 1n",1
"DETAYLI BİLGİ, KARGO VE VİDEO İÇİN YAZINIZ 0535 256 0232",1
"DETAYLI BİLGİ, İNDİRİM VE KARGO İçİN YAZABİLİRSİNİZ 0531 029 6741 çalışıyorum WhatsAPp'tan lütfen yazın",1
Detaylı bilgi kargo ve iltsm için @543 684 0352,1
Lütfen satın almadan önce iletişime geçin detaylı video fotograf fatura ve fiyatta yardımcı olabilmem için WhatsApptan yazın 0536 048 32 54,1
"INDİRİM VE içİN çalışıyorum WhatsAPP'tan Lütfen BİLGİ , DETAYLI FATURA YAzABİLİRSİNİz 6741 029 @0531 yazın",1
Lütfen satın almadan önce iletişime geçin detaylı video fotoğraf fatura ve fiyatta yardımcı olabilmem için WhatsApptan yazın 0530 644 0349,1
Oe my dyson App Store GooglePlay Video Detaylı Bilgi Ve Fatura 989 3144 0) için 7900 dyson olabilmemiz Yardımcı Fiyatta 0552,1
6 Bilgi Ve 31 44 için 8 Caee Detaylı Video olabilmemiz Fatura Yardımcı Fiyatta 989 @0552,1
"VEU EKİ 637 25 53 detaylar icire 50* No; Umut Iis c51 Hon: Yeikili Pncs / dyson 'rikonpsakleyinız Gzcifden isindcyeroimokicdi. goronlibelesini kutunun [ butelgei Lolter #crtlan [ Gosnt i BELGESİ L GARANTİ _ KILAVUZU ! inızı Dyson'} KULLANMA  kovdedin AEEEYONETMELICINE UYGUNDUR yazın 0501 whatsaptan ADI , 50 JUŞTERUJGF, / alıcılar ciddi sadece Cus"" OStf Aore NCOEL SERI NO: Flraaa ( SAng EMicAJi FaTURATARIHI VEno Krer FIRMA Elekinkl Uruneer ITHALATÇI F TesumtarIHIVeyeri urkey 210 Sken Dyson Icoieilnued etorbul moh FIRMA Akrehig Lmuleo Icorcnkoy Scardaki URETICI Ykehirg, Teshrcloay Kopi No '2ca UMeeicun okularck Dison koouou aloucy oskoysongedyica 'asoHvdokı usuoo a-mn 'Supociflonc/ Kuwengno com.Y/r-IR/S Urochuze Corotilirsilvz {sarvisnoklolori ouron Ukwo dersk/ Ankos ( cam,tf Donita servis 201250, Tükonia Coac anaaatYLEnflr7+01082 104C? Uwny. ndeslek@oyson com,tf narenu 0850 0dar980 owlir G-o9 _OFnAn_I5 Yono dgon Cicinrzo1  3434100-",1
Lütfen satın almadan önce iletişime geçin detaylı video fotograf fatura ve fiyatta yardımcı olabilmem için WhatsApptan yazın 0536 048 32 54,1
"airuropid. straight +wovy Dry-Cur Shope. Smooth and hide flyoways. Wlih nehecd domoge: erwrotodlor dyıru #raight cnd wery hosti dyson DETAYLI BİLGİ , FATURA İÇİN YAZABİLİRSİNİz @0531 029 67415 çalışıyorum WhatsAPP'tan yazın Lütfen",1
Lütfen satın almadan önce iletişime geçin detaylı video fotograf fatura ve fiyatta yardımcı olabilmem için WhatsApptan yazın 0536 048 32 54,1
"KS -BIKE Detaylı bilgi, indirim ve R kargo için Yazabilirsiniz 0531 029 6741 Çalışıyorum   WhatsApP'tan lütfen Standart ENI5194.2017 3 Maximum Speec 25 km/h Ce 1na4ei Yazın",1
"GP-VPI2BT L Vuvuin Iu < GP RKKI Rok FG SONY SONY SONY VLOGCAM VLOGCAM ZV-1/1 SoKy Oeeaai P4 7 #epaa % F0u5y 7 774 Wih , sony SHOOTIng GRIP KIT DETAYLI BİLGi İNDİRİM VE KARGO için YAZABİLİRSİNiZ @0531 029 6341 çalışıgorum WhatsAPp'tan Yazın lütfen",1
